{"loss": [3.8169426918029785, 0.9019737839698792, 0.4415684938430786, 0.32497715950012207, 0.23345771431922913, 0.14610816538333893, 0.14984425902366638, 0.106694795191288, 0.07641449570655823, 0.11001363396644592, 0.054716844111680984, 0.05578233674168587, 0.06926300376653671, 0.039736852049827576, 0.03989008441567421, 0.05083571746945381, 0.04262127727270126, 0.02711782045662403, 0.03711977228522301, 0.023147260770201683, 0.03598989173769951, 0.031200017780065536, 0.027880610898137093, 0.009653067216277122, 0.02525690756738186], "accuracy": [0.39625000953674316, 0.7506250143051147, 0.8706250190734863, 0.903124988079071, 0.934374988079071, 0.9506250023841858, 0.9574999809265137, 0.9674999713897705, 0.9725000262260437, 0.9706249833106995, 0.9825000166893005, 0.9825000166893005, 0.9831249713897705, 0.9862499833106995, 0.9831249713897705, 0.9868749976158142, 0.9868749976158142, 0.9912499785423279, 0.987500011920929, 0.9956250190734863, 0.9893749952316284, 0.9906250238418579, 0.9925000071525574, 0.9962499737739563, 0.9900000095367432], "val_loss": [1.7659671306610107, 0.9980415105819702, 0.8666195869445801, 0.7357637286186218, 0.5318801999092102, 0.5703167915344238, 0.6114140152931213, 0.5224502086639404, 0.4456734359264374, 0.3933566212654114, 0.47804680466651917, 0.4425942897796631, 0.452157586812973, 0.3259732723236084, 0.34253647923469543, 0.6221439838409424, 0.46504515409469604, 0.2486092895269394, 0.3867529034614563, 0.2819496989250183, 0.44030556082725525, 0.4529975950717926, 0.24031488597393036, 0.3024808168411255, 0.36201682686805725], "val_accuracy": [0.5762500166893005, 0.7487499713897705, 0.7799999713897705, 0.8274999856948853, 0.8762500286102295, 0.8849999904632568, 0.8899999856948853, 0.9012500047683716, 0.9137499928474426, 0.90625, 0.9212499856948853, 0.9262499809265137, 0.9325000047683716, 0.9375, 0.9387500286102295, 0.8962500095367432, 0.9262499809265137, 0.9412500262260437, 0.9262499809265137, 0.9512500166893005, 0.9200000166893005, 0.9287499785423279, 0.9512500166893005, 0.9474999904632568, 0.9375]}